frame_id,time,u,v,X,Y,Z,A,B,C,gt_x,gt_y,gt_z
0,1772787932.241854,991.6213,278.4096,437.4186,199.1955,536.7057,108.6154,89.0898,108.8368,1057.9006,1.4524,630.7253
1,1772787932.373399,990.4297,277.2145,437.0367,198.6792,537.2091,110.2271,89.1349,110.4631,1055.7302,2.1533,631.7782
2,1772787932.509571,988.8354,276.7042,436.6629,198.1159,537.7905,112.0097,89.1786,112.3639,1058.9375,-0.7560,633.4788
3,1772787932.641619,987.0659,276.0657,436.3221,197.5892,538.3808,113.8875,89.2175,114.2623,1057.4025,-0.0012,634.2331
4,1772787932.777521,985.5057,275.5172,435.9992,197.0259,539.0210,115.8641,89.2524,116.3012,1059.6396,-1.6270,635.5561
5,1772787932.909919,984.1102,274.1571,435.7034,196.4598,539.7161,118.0969,89.2850,118.5675,1059.6729,-1.7916,637.1856
6,1772787933.045588,982.1423,274.1792,435.4494,195.9224,540.3715,120.1786,89.3121,120.8356,1057.5968,-3.5565,637.6035
7,1772787933.181644,980.8941,273.1474,435.1998,195.3405,541.1531,122.6403,89.3367,123.2066,1056.3338,-2.0468,638.5626
8,1772787933.313905,978.9070,273.0287,434.9902,194.7941,541.8800,124.9388,89.3566,125.5232,1056.2380,-1.5874,639.5960
9,1772787933.449544,977.5908,272.4688,434.7955,194.2232,542.6752,127.3405,89.3741,127.9981,1058.1888,-3.1362,640.9220
10,1772787933.581594,975.7959,272.0291,434.6314,193.6761,543.4715,129.6634,89.3878,130.3466,1060.3149,-3.1636,642.4733
11,1772787933.717506,974.1096,272.0218,434.4760,193.1030,544.3236,131.9955,89.3989,132.7413,1060.3535,-3.1029,643.1604
12,1772787933.849584,972.4180,271.6194,434.3401,192.5355,545.2005,134.2220,89.4074,135.0137,1060.4030,-4.0930,644.4675
13,1772787933.985514,970.5803,272.3964,434.2269,191.9780,546.0727,136.4685,89.4136,137.2630,1056.4873,-1.9883,644.1697
14,1772787934.121638,968.8784,272.1449,434.1274,191.3901,547.0214,138.6254,89.4174,139.4465,1058.1325,-3.2433,645.6509
15,1772787934.253575,967.1335,271.6291,434.0417,190.8098,547.9799,140.5695,89.4192,141.3988,1059.4828,-3.3543,646.9403
16,1772787934.389961,965.3027,270.9348,433.9709,190.2092,548.9988,142.4886,89.4192,143.3037,1061.1179,-3.6711,648.6734
17,1772787934.521757,963.6900,271.3058,433.9186,189.6486,549.9587,144.1592,89.4177,145.0240,1060.3322,-3.1554,649.1284
18,1772787934.657632,961.7120,271.8110,433.8744,189.0309,551.0443,145.7854,89.4148,146.5778,1059.7113,-1.9831,649.6339
19,1772787934.789918,959.7119,272.6703,433.8447,188.4235,552.1277,147.1688,89.4109,147.9647,1060.6470,-2.0347,650.6417
20,1772787934.925880,957.6628,273.2441,433.8252,187.8074,553.2470,148.4859,89.4057,149.2516,1058.6257,-0.8288,651.2456
21,1772787935.061538,955.8125,274.1577,433.8173,187.2140,554.3426,149.5980,89.3998,150.3981,1061.3650,-1.5047,652.1178
22,1772787935.193913,953.5889,274.1818,433.8182,186.5943,555.5310,150.5280,89.3936,151.3348,1062.1189,-1.4885,653.2150
23,1772787935.329543,951.9789,274.9102,433.8281,185.9371,556.7506,151.3933,89.3865,152.2037,1059.4392,-0.4495,653.7873
24,1772787935.461540,949.5781,275.9529,433.8453,185.3212,557.9400,152.0779,89.3793,152.8969,1059.3035,0.2765,654.1888
25,1772787935.598279,947.3642,277.2535,433.8704,184.6703,559.2265,152.6757,89.3718,153.4942,1060.3298,0.1726,655.1717
26,1772787935.729677,944.8890,278.5285,433.8987,184.0518,560.4183,153.1513,89.3643,153.9541,1060.9564,0.9462,655.5493
27,1772787935.865655,943.2112,280.2189,433.9327,183.3881,561.7757,153.5409,89.3565,154.3437,1065.4239,-0.0751,657.0221
28,1772787936.001671,940.7349,281.0731,433.9716,182.7072,563.1020,153.8329,89.3488,154.6429,1058.9769,2.0432,656.6995
29,1772787936.133586,939.0610,282.5262,434.0142,182.0409,564.4491,154.0464,89.3417,154.8489,1059.0814,2.1696,657.5351
30,1772787936.269655,936.6015,283.4424,434.0563,181.3784,565.8194,154.1877,89.3345,154.9909,1062.2939,2.0745,658.6736
31,1772787936.401704,934.1029,285.0626,434.0997,180.6973,567.1962,154.2696,89.3278,155.0723,1059.1149,3.2614,659.0449
32,1772787936.537516,931.4208,286.7938,434.1400,180.0276,568.5750,154.2999,89.3219,155.1006,1062.0020,3.3224,659.9059
33,1772787936.669591,928.7515,289.2148,434.1825,179.3363,570.0321,154.2879,89.3159,155.0864,1061.0806,4.3445,659.7386
34,1772787936.805757,926.2982,291.0656,434.2210,178.6186,571.4999,154.2418,89.3107,155.0381,1063.5020,4.2291,660.9127
35,1772787936.941735,923.8921,292.8312,434.2555,177.8965,573.0294,154.1676,89.3060,154.9623,1062.1099,5.1812,661.1860
36,1772787937.073845,921.6594,295.1555,434.2844,177.1648,574.5399,154.0778,89.3021,154.8710,1061.3613,5.8994,661.2009
37,1772787937.209723,918.7112,297.3552,434.3059,176.4409,576.0980,153.9776,89.2991,154.7742,1061.4909,6.4124,662.0230
38,1772787937.341871,915.9656,300.2313,434.3186,175.7385,577.4948,153.8882,89.2971,154.6758,1062.0387,7.3153,661.8778
39,1772787937.477757,913.0955,302.5437,434.3237,174.9719,579.0957,153.7908,89.2958,154.5797,1062.9298,7.4823,662.9037
40,1772787937.609874,910.6804,305.8830,434.3190,174.2307,580.7204,153.7018,89.2954,154.4899,1055.6780,9.6310,662.0212
41,1772787937.745902,907.9929,309.3358,434.3040,173.4528,582.3017,153.6178,89.2963,154.4006,1060.3058,9.4209,662.2435
42,1772787937.881744,904.6370,311.9218,434.2788,172.6450,583.9786,153.5360,89.2983,154.3163,1058.7562,10.5385,662.8153
43,1772787938.013818,901.9238,314.5738,434.2458,171.8824,585.5762,153.4657,89.3014,154.2393,1060.6924,11.0065,663.1764
44,1772787938.149643,899.5862,318.2315,434.1992,171.0555,587.2440,153.3993,89.3061,154.1650,1058.6027,11.8084,663.1735
45,1772787938.281757,896.1958,321.3713,434.1445,170.2537,588.8214,153.3447,89.3117,154.1047,1062.4453,12.1362,663.4876
46,1772787938.417745,892.9121,324.9884,434.0842,169.4915,590.4258,153.2993,89.3189,154.0512,1061.9182,13.0991,663.7329
47,1772787938.549685,890.2407,328.5103,434.0188,168.7510,591.8721,153.2679,89.3270,154.0106,1061.4570,14.0131,663.3292
48,1772787938.685776,887.3334,331.3170,433.9360,167.9081,593.5370,153.2470,89.3368,153.9828,1061.8113,14.5184,664.1725
49,1772787938.821769,883.6769,335.0914,433.8522,167.1232,595.0139,153.2434,89.3478,153.9713,1060.3390,16.0897,663.5690
50,1772787938.953907,880.0663,339.4166,433.7616,166.3484,596.4851,153.2579,89.3600,153.9777,1060.0104,17.1623,663.4941
51,1772787939.089997,876.6357,342.8690,433.6637,165.5575,597.9460,153.2934,89.3734,154.0055,1058.2223,18.6869,663.0483
52,1772787939.221849,874.2655,345.9353,433.5634,164.7693,599.3486,153.3514,89.3882,154.0555,1063.1873,18.0929,664.0224
53,1772787939.357861,870.5939,349.0412,433.4586,164.0007,600.7482,153.4390,89.4037,154.1370,1060.3803,19.9174,663.5658
54,1772787939.489838,867.2551,352.6317,433.3549,163.2720,602.0573,153.5556,89.4204,154.2450,1056.6691,21.5153,663.3470
55,1772787939.625877,863.6239,356.7000,433.2366,162.4752,603.3721,153.7159,89.4388,154.4023,1061.9336,21.7912,663.1417
56,1772787939.761815,859.8987,360.2428,433.1169,161.6942,604.6660,153.9181,89.4587,154.6032,1061.6186,22.7970,663.3156
57,1772787939.894607,856.7031,364.2116,432.9995,160.9360,605.9037,154.1739,89.4789,154.8489,1063.7126,23.5665,662.8717
58,1772787940.029884,853.2288,367.5674,432.8754,160.1454,607.1289,154.4985,89.5006,155.1825,1061.5227,24.6981,662.7904
59,1772787940.161879,849.7061,371.2313,432.7570,159.4138,608.2457,154.8769,89.5221,155.5589,1057.0956,26.8000,661.8312
60,1772787940.297806,846.0696,374.8037,432.6356,158.6381,609.3702,155.3586,89.5463,156.0560,1062.0820,26.4524,661.7275
61,1772787940.429901,842.1623,378.8010,432.5127,157.8561,610.4681,155.9662,89.5706,156.6645,1060.1555,28.0946,661.5128
62,1772787940.565767,838.4362,382.4822,432.3922,157.1019,611.5049,156.7258,89.5969,157.4214,1058.4987,29.7823,660.7009
63,1772787940.702666,834.8505,385.8981,432.2595,156.2993,612.5552,157.6681,89.6240,158.3940,1060.9946,30.0519,660.8889
64,1772787940.833935,831.2233,389.4472,432.1428,155.5253,613.5288,158.7830,89.6502,159.5208,1056.6080,31.8088,659.9152
65,1772787940.969900,827.1816,393.1767,432.0202,154.7289,614.4771,160.2614,89.6787,161.0362,1059.0017,32.0817,659.8375
66,1772787941.101816,822.8882,396.8681,431.9012,153.9688,615.3668,162.1077,89.7074,162.9387,1058.4036,32.6540,659.0581
67,1772787941.237920,818.9854,401.0202,431.7828,153.1706,616.2043,164.4712,89.7369,165.5037,1059.9776,32.3374,658.6632
68,1772787941.370007,815.1292,404.3576,431.6719,152.3800,617.0133,167.6219,89.7654,168.7448,1057.8668,32.8153,657.9256
69,1772787941.505685,810.7733,407.7628,431.5581,151.5831,617.7818,171.9351,89.7951,173.2048,1059.6936,31.1504,657.8854
70,1772787941.642009,805.8905,411.6717,431.4535,150.7737,618.5120,177.9683,89.8234,-50.4583,1060.7385,29.8430,657.1604
71,1772787941.773995,801.6998,415.6562,431.3441,149.9394,619.1776,-173.4470,89.8493,-171.6427,1057.7615,28.8613,656.3627
72,1772787941.910087,797.4971,419.5981,431.2454,149.0998,619.8332,-161.1085,89.8707,-158.6254,1055.3526,21.3837,655.3405
73,1772787942.041974,793.1630,422.4302,431.1489,148.2742,620.4119,-144.2707,89.8837,-141.4706,1052.1934,21.1208,654.9899
74,1772787942.177991,787.9602,426.0209,431.0607,147.4307,620.9399,-125.5326,89.8842,-122.2496,1056.1177,20.8829,654.3280
75,1772787942.310009,783.4266,429.6477,430.9786,146.6177,621.4122,-107.6217,89.8719,-105.0651,1055.9973,26.5249,653.6142
76,1772787942.445914,778.6140,432.7172,430.9017,145.7108,621.8375,-93.4877,89.8484,-91.3114,1054.4849,33.4002,652.7156
77,1772787942.581923,773.7836,436.4528,430.8370,144.8904,622.1970,-83.2826,89.8173,-81.7027,1056.4345,35.9971,651.7224
78,1772787942.713864,768.9776,439.4567,430.7748,144.0228,622.4970,-76.6387,89.7833,-75.2844,1060.4920,44.2023,651.3699
79,1772787942.849972,764.0733,442.8927,430.7201,143.1309,622.7476,-71.5298,89.7458,-70.4126,1057.8440,46.5780,650.1766
80,1772787942.981912,758.8649,445.4972,430.6776,142.2913,622.9156,-68.1721,89.7074,-67.0801,1057.3418,50.3443,649.6328
81,1772787943.118273,754.0613,448.7482,430.6412,141.3943,623.0384,-65.4247,89.6655,-64.4946,1058.8030,53.6464,648.6039
82,1772787943.249984,748.6696,451.9325,430.6162,140.5818,623.0930,-63.5441,89.6270,-62.6084,1056.1878,55.6022,647.5585
83,1772787943.385952,743.8795,454.0798,430.5979,139.6899,623.0903,-61.9257,89.5836,-61.0643,1057.6891,57.8851,646.9993
84,1772787943.522032,738.1268,457.1284,430.5881,138.7947,623.0235,-60.6543,89.5406,-59.8358,1058.0429,60.2268,645.9865
85,1772787943.653866,732.8534,459.7634,430.5876,137.9735,622.9016,-59.7608,89.4985,-58.8913,1057.8329,61.5736,644.9633
86,1772787943.790033,726.9305,462.3617,430.5956,137.0589,622.7098,-58.9612,89.4545,-58.1138,1053.4391,64.1197,643.8210
87,1772787943.921921,722.2157,464.0884,430.6111,136.2163,622.4664,-58.3505,89.4133,-57.4960,1056.7553,65.3578,643.2848
88,1772787944.058013,716.7223,466.1969,430.6344,135.3751,622.1687,-57.8703,89.3722,-57.0031,1051.4339,67.5956,642.1733
89,1772787944.189995,711.2966,467.8898,430.6655,134.5209,621.8231,-57.4775,89.3310,-56.5920,1056.7208,68.7242,641.6547
90,1772787944.326069,706.2396,469.8058,430.7063,133.6085,621.3844,-57.1475,89.2883,-56.2387,1055.7818,69.9032,640.6240
91,1772787944.462521,699.4377,472.7123,430.7497,132.7918,620.9215,-56.8979,89.2469,-55.9709,1057.6411,72.3229,639.3064
92,1772787944.594090,694.2305,474.8910,430.7982,131.9764,620.4277,-56.6974,89.2088,-55.7480,1054.6803,74.0901,638.0103
93,1772787944.730072,688.5930,476.0446,430.8590,131.0573,619.8248,-56.5296,89.1680,-55.5646,1057.7156,75.3156,637.3021
94,1772787944.862413,682.6419,478.0242,430.9213,130.2366,619.2138,-56.4040,89.1293,-55.4120,1057.6302,77.3183,636.1724
95,1772787944.998087,677.2651,479.6850,430.9923,129.3463,618.5360,-56.3019,89.0911,-55.2854,1052.7051,78.8744,634.7753
96,1772787945.129929,670.3169,481.4875,431.0627,128.5074,617.8114,-56.2255,89.0538,-55.1852,1053.3040,81.2955,633.6245
97,1772787945.266093,665.2532,483.0789,431.1404,127.6555,617.0261,-56.1644,89.0152,-55.0979,1051.8955,82.4622,632.2882
98,1772787945.401893,659.2284,484.1079,431.2242,126.7626,616.1628,-56.1188,88.9780,-55.0273,1055.2390,84.2628,631.4750
99,1772787945.534373,653.1240,485.4450,431.3074,125.9063,615.2610,-56.0877,88.9424,-54.9700,1054.6131,85.8924,630.1403
100,1772787945.670071,647.1452,486.9361,431.3970,125.0352,614.3223,-56.0669,88.9071,-54.9226,1048.6926,88.1170,628.7027
101,1772787945.802080,641.1085,487.8412,431.4842,124.1489,613.3301,-56.0540,88.8731,-54.8835,1051.9687,89.8836,627.9173
102,1772787945.938120,635.9230,488.4616,431.5814,123.1769,612.2031,-56.0460,88.8391,-54.8500,1051.2314,90.8229,626.4703
103,1772787946.070038,629.4904,488.6905,431.6718,122.3187,611.1516,-56.0430,88.8073,-54.8221,1053.2353,92.9318,625.8271
104,1772787946.206184,623.7256,489.3055,431.7663,121.3891,609.9287,-56.0427,88.7753,-54.7974,1054.3243,94.7001,624.7423
105,1772787946.342417,617.4907,489.5095,431.8593,120.4421,608.7152,-56.0440,88.7445,-54.7749,1050.9676,96.2803,623.4027
106,1772787946.474195,611.8095,489.6304,431.9508,119.5159,607.4524,-56.0455,88.7174,-54.7550,1052.2932,98.0134,622.5976
107,1772787946.610075,605.7819,489.5599,432.0390,118.5163,606.0466,-56.0465,88.6893,-54.7353,1050.2717,99.3391,621.0003
108,1772787946.741982,600.1139,489.1660,432.1251,117.5952,604.6990,-56.0460,88.6647,-54.7163,1048.2974,101.1436,620.2474
109,1772787946.878160,593.4453,489.9177,432.2111,116.5461,603.1726,-56.0433,88.6402,-54.6964,1051.5736,102.8698,618.4624
110,1772787947.010112,587.9120,489.5736,432.2799,115.6144,601.7689,-56.0382,88.6191,-54.6763,1045.6926,104.6446,617.4367
111,1772787947.146155,581.6871,488.9313,432.3510,114.5655,600.1622,-56.0298,88.5983,-54.6558,1050.4512,106.1770,616.2585
112,1772787947.282088,575.5700,488.6461,432.4108,113.5119,598.5245,-56.0185,88.5803,-54.6341,1048.1630,108.0268,614.9738
113,1772787947.413945,569.8610,488.1862,432.4588,112.5022,596.9386,-56.0053,88.5649,-54.6139,1048.0778,109.8770,614.0959
114,1772787947.550298,564.2710,487.0099,432.4955,111.3914,595.1822,-55.9890,88.5514,-54.5938,1048.4641,111.2043,612.8138
115,1772787947.682093,557.7549,486.5343,432.5193,110.3068,593.4543,-55.9718,88.5411,-54.5760,1043.3560,113.3435,611.5483
116,1772787947.818220,551.7361,485.1312,432.5286,109.1715,591.6475,-55.9526,88.5330,-54.5588,1049.9384,114.9225,610.4383
117,1772787947.950159,546.8529,483.4554,432.5230,108.0875,589.8721,-55.9325,88.5286,-54.5446,1047.6861,116.2967,609.7565
118,1772787948.086219,540.4284,482.0136,432.5000,106.8789,587.9551,-55.9088,88.5273,-54.5316,1048.1440,117.9697,608.1214
119,1772787948.218530,534.4906,480.3116,432.4588,105.6924,586.0083,-55.8848,88.5298,-54.5214,1048.7706,119.8907,607.2864
120,1772787948.354230,528.9133,479.2196,432.3998,104.5287,584.1012,-55.8592,88.5361,-54.5134,1047.4384,121.6841,606.2929
121,1772787948.491260,523.0571,477.2990,432.3257,103.3621,582.2456,-55.8327,88.5460,-54.5078,1049.1855,123.2610,604.7987
122,1772787948.622104,517.6840,476.4458,432.2428,102.3221,580.5140,-55.8072,88.5586,-54.5046,1046.5963,124.9957,603.5741
123,1772787948.758173,512.1932,475.2966,432.1453,101.2556,578.7678,-55.7800,88.5743,-54.5029,1047.2712,126.9578,602.6779
124,1772787948.890422,507.6342,473.3553,432.0323,100.2323,577.0831,-55.7492,88.5925,-54.4995,1047.7504,128.1524,601.3915
125,1772787949.026224,502.6382,471.8329,431.9154,99.2630,575.4827,-55.7105,88.6143,-54.4877,1046.4829,129.9085,600.7751
126,1772787949.158292,497.6424,470.4424,431.7944,98.3463,573.9557,-55.6561,88.6373,-54.4633,1047.3847,131.5665,599.5578
127,1772787949.294232,492.7641,470.2209,431.6640,97.3974,572.4288,-55.5831,88.6636,-54.4209,1045.8190,133.0640,597.7000
128,1772787949.430559,487.9572,468.6967,431.5289,96.5233,570.9874,-55.4869,88.6921,-54.3553,1046.5170,134.9267,597.1892
129,1772787949.562310,484.0299,467.8465,431.3971,95.6815,569.6698,-55.3705,88.7217,-54.2682,1045.6883,136.2759,596.4567
130,1772787949.698174,479.6491,467.0159,431.2531,94.8060,568.3396,-55.2112,88.7560,-54.1450,1046.6643,137.8299,595.0987
131,1772787949.830145,475.2397,466.4670,431.1203,93.9895,567.1065,-55.0302,88.7911,-53.9952,1048.4936,139.4543,593.9382
132,1772787949.966205,470.7325,465.6222,430.9833,93.1677,565.9496,-54.8033,88.8280,-53.8052,1046.8232,141.0781,593.2643
133,1772787950.098288,467.0486,465.1502,430.8515,92.3766,564.8443,-54.5364,88.8666,-53.5726,1045.7913,142.3072,591.9523
134,1772787950.234246,462.7040,464.6683,430.7211,91.6208,563.7999,-54.2267,88.9061,-53.2972,1046.7211,143.9940,591.2957
135,1772787950.370312,458.8536,464.5540,430.5923,90.8641,562.8349,-53.8624,88.9490,-52.9595,1046.9454,145.3670,590.0592
136,1772787950.502264,454.1964,464.5806,430.4775,90.1258,561.9556,-53.4492,88.9895,-52.5819,1041.6705,146.8750,588.9873
137,1772787950.638360,450.2986,464.9157,430.3575,89.3857,561.0795,-52.9456,89.0346,-52.1207,1045.3295,148.6000,587.8110
138,1772787950.770285,447.4128,463.9885,430.2524,88.6967,560.3352,-52.4108,89.0770,-51.6160,1041.7508,149.2844,587.3539
139,1772787950.906347,442.4552,464.4747,430.1490,87.9589,559.6288,-51.7556,89.1229,-50.9916,1044.8370,151.4643,586.3350
140,1772787951.038676,438.7731,465.1420,430.0566,87.3201,558.9826,-51.0456,89.1666,-50.2865,1045.4300,152.7311,585.4306
141,1772787951.174268,435.6878,464.7149,429.9704,86.6357,558.3867,-50.1886,89.2133,-49.4719,1048.4878,154.2848,584.9239
142,1772787951.310298,431.5374,465.2761,429.8914,85.9698,557.8666,-49.2274,89.2591,-48.5105,1047.4392,155.4993,584.1130
143,1772787951.442350,427.4967,466.1482,429.8245,85.3489,557.4035,-48.1093,89.3035,-47.4423,1048.2399,157.3036,583.0431
144,1772787951.578305,424.4647,466.4236,429.7593,84.6812,556.9982,-46.8323,89.3482,-46.1396,1046.6242,157.7181,582.4105
145,1772787951.710203,420.0232,467.2570,429.7074,84.0708,556.6576,-45.3442,89.3927,-44.6952,1046.7331,159.6207,581.4928
146,1772787951.846388,416.7104,468.3241,429.6615,83.4286,556.3547,-43.5799,89.4368,-42.9018,1047.4964,160.7968,580.7142
147,1772787951.978425,413.6369,469.3018,429.6244,82.8355,556.1111,-41.5416,89.4798,-40.8910,1048.0272,161.5014,579.8460
148,1772787952.114291,409.7197,470.3021,429.5955,82.2115,555.9226,-39.0772,89.5223,-38.3889,1047.2895,162.5460,579.0764
149,1772787952.250368,405.9753,470.5425,429.5737,81.5972,555.7820,-36.1487,89.5633,-35.4424,1046.7018,162.4884,578.7848
150,1772787952.382354,402.8863,471.6431,429.5613,80.9918,555.6953,-32.6403,89.6023,-31.8599,1044.3538,163.3287,577.9353
151,1772787952.518331,399.0033,472.4741,429.5567,80.4064,555.6599,-28.3038,89.6399,-27.5112,1046.7829,165.8913,577.6167
152,1772787952.650375,395.8022,473.3168,429.5602,79.8117,555.6750,-23.1197,89.6742,-22.1800,1045.2486,163.8068,577.0008
153,1772787952.786330,392.2652,474.5155,429.5723,79.1929,555.7422,-16.6907,89.7056,-15.6153,1046.9683,161.9909,576.5438
154,1772787952.918144,389.0891,475.4822,429.5913,78.6067,555.8545,-9.1430,89.7301,-7.9403,1044.5682,162.9649,576.0454
155,1772787953.054324,385.6819,477.0907,429.6194,77.9932,556.0268,-0.0620,89.7495,1.4354,1047.4409,163.3785,575.4777
156,1772787953.190396,382.5364,478.4407,429.6548,77.3912,556.2525,10.2239,89.7614,11.6264,1044.2630,162.5939,574.9203
157,1772787953.322319,379.1092,480.2079,429.6977,76.7920,556.5161,20.7747,89.7647,22.1027,1048.4417,164.2353,574.4164
158,1772787953.459261,376.1846,481.0040,429.7486,76.1783,556.8452,31.2290,89.7596,32.5990,1046.0570,165.6935,574.2917
159,1772787953.590778,372.6254,482.3971,429.8049,75.5964,557.2086,40.5332,89.7476,41.7178,1046.2525,168.3690,573.9904
160,1772787953.726552,369.0461,483.9323,429.8705,74.9627,557.6568,49.3153,89.7293,50.1866,1047.7193,172.0312,573.7959
161,1772787953.858296,366.2206,485.2701,429.9384,74.3763,558.1103,55.9631,89.7067,56.6600,1046.9674,174.3733,573.5376
162,1772787953.994517,363.5386,487.1147,430.0158,73.7522,558.6361,61.7985,89.6813,62.1941,1045.8353,176.5077,573.0434
163,1772787954.130287,359.9553,489.0955,430.0974,73.1418,559.2156,66.4034,89.6528,66.8455,1048.1038,179.7288,572.8668
164,1772787954.262359,356.7526,491.3718,430.1819,72.5367,559.8199,70.0347,89.6256,70.4394,1042.4120,178.5299,572.1406
165,1772787954.398504,353.2667,493.1264,430.2707,71.9294,560.4852,73.1689,89.5966,73.3851,1045.0349,183.4845,572.2202
166,1772787954.530800,349.8965,495.3167,430.3627,71.3361,561.1686,75.6094,89.5690,75.7922,1046.7251,184.8213,571.8032
167,1772787954.666410,347.3490,497.2092,430.4545,70.7288,561.9101,77.7720,89.5402,77.8225,1044.5577,186.5760,571.7925
168,1772787954.798295,344.3289,498.9588,430.5530,70.1246,562.6886,79.4420,89.5135,79.4587,1046.2095,188.2930,571.7940
169,1772787954.934428,341.0290,500.8835,430.6587,69.4804,563.5566,80.9763,89.4866,80.8905,1043.7360,189.6666,571.8678
170,1772787955.070470,338.5211,503.0007,430.7518,68.8840,564.4016,82.1747,89.4607,82.0839,1045.6930,190.6670,571.6799
171,1772787955.202408,335.1712,505.1402,430.8537,68.2942,565.2720,83.1524,89.4374,83.0300,1047.6774,192.1741,571.4718
172,1772787955.338850,332.1986,506.9408,430.9552,67.6683,566.2383,84.0371,89.4135,83.8802,1046.4564,193.3442,571.7563
173,1772787955.470561,329.3106,509.0320,431.0523,67.0699,567.2004,84.7517,89.3917,84.5681,1041.8090,193.4319,571.9315
174,1772787955.606515,326.3171,511.2712,431.1506,66.4404,568.1829,85.3468,89.3707,85.1523,1047.4754,195.7050,571.8342
175,1772787955.738498,323.2428,513.6279,431.2495,65.8099,569.2554,85.8565,89.3517,85.6249,1046.3921,196.4892,572.0618
176,1772787955.874346,320.5987,515.9111,431.3402,65.1854,570.3304,86.2668,89.3336,86.0194,1043.3428,196.8151,571.8741
177,1772787956.010533,318.3942,518.3483,431.4353,64.5430,571.4623,86.6098,89.3170,86.3392,1043.8482,197.4881,572.1096
178,1772787956.142698,315.1367,520.0381,431.5189,63.9237,572.5973,86.8733,89.3020,86.5886,1046.0140,199.0961,572.4152
179,1772787956.278475,312.6816,522.3704,431.6017,63.2912,573.7796,87.0828,89.2882,86.7802,1041.8872,199.0520,572.2937
180,1772787956.410613,310.0685,524.9498,431.6784,62.6547,574.9249,87.2295,89.2761,86.9174,1042.7000,199.7834,572.6055
181,1772787956.546906,306.9603,526.8701,431.7542,61.9683,576.2552,87.3407,89.2655,87.0112,1046.7928,201.6553,572.9320
182,1772787956.678666,304.8577,528.9376,431.8177,61.3229,577.4354,87.4016,89.2563,87.0636,1047.3818,202.1212,573.5845
183,1772787956.814473,301.9052,530.9661,431.8767,60.6693,578.7449,87.4278,89.2486,87.0785,1046.0154,202.8326,573.7845
184,1772787956.950474,299.1080,533.5858,431.9300,59.9773,580.0589,87.4193,89.2422,87.0610,1045.2998,203.3414,574.1495
185,1772787957.082477,296.8437,535.6498,431.9739,59.3216,581.3942,87.3809,89.2376,87.0143,1047.3793,204.3752,574.4662
186,1772787957.218528,294.6719,537.5132,432.0112,58.6212,582.7624,87.3161,89.2343,86.9425,1046.1301,204.4374,575.2146
187,1772787957.350879,292.1136,539.4384,432.0363,57.9380,584.1383,87.2325,89.2327,86.8513,1043.6771,204.6486,575.5840
188,1772787957.486613,289.3859,542.7781,432.0530,57.2403,585.5035,87.1286,89.2325,86.7406,1044.1139,205.5585,575.2337
189,1772787957.618993,286.9579,544.6788,432.0604,56.5000,587.0113,87.0075,89.2340,86.6200,1047.0174,206.3310,576.4308
190,1772787957.754541,284.8844,546.1876,432.0564,55.7531,588.4784,86.8688,89.2370,86.4814,1047.0429,206.6289,577.1366
191,1772787957.890512,282.7063,548.0260,432.0405,55.0003,589.9254,86.7185,89.2419,86.3206,1045.3179,206.7310,577.5181
192,1772787958.022367,280.0124,550.7607,432.0133,54.2188,591.4474,86.5343,89.2485,86.1307,1041.3070,206.3047,578.1379
193,1772787958.158869,277.9606,552.6872,431.9751,53.4321,592.9597,86.3185,89.2574,85.9113,1044.5491,207.4399,578.4784
194,1772787958.290515,275.4821,554.0272,431.9288,52.6859,594.4070,86.0752,89.2673,85.6708,1047.0240,208.2473,579.7077
195,1772787958.426620,273.2344,556.1894,431.8705,51.8912,595.8238,85.7884,89.2797,85.3750,1048.6768,209.1787,579.9181
196,1772787958.558599,271.0377,558.1512,431.8061,51.1262,597.2553,85.4593,89.2930,85.0490,1046.3780,208.6895,580.7632
197,1772787958.694643,268.9615,559.0001,431.7327,50.3387,598.6930,85.0644,89.3094,84.6578,1042.1852,208.0411,581.6359
198,1772787958.830660,266.5334,560.2267,431.6519,49.5589,600.0388,84.6245,89.3262,84.2139,1048.7359,209.8503,582.6790
199,1772787958.962607,264.8232,561.5062,431.5691,48.8068,601.3309,84.1258,89.3448,83.7015,1046.5343,209.6862,583.2760
200,1772787959.098486,262.1704,563.3254,431.4764,48.0087,602.6717,83.5110,89.3658,83.0999,1044.9711,210.2041,583.5023
201,1772787959.230586,260.3136,563.8174,431.3840,47.2357,603.8954,82.8457,89.3872,82.4357,1049.0783,210.6717,584.8839
202,1772787959.366515,258.3217,564.6196,431.2832,46.4442,605.1122,82.0584,89.4114,81.6221,1049.1336,211.0363,585.9651
203,1772787959.498423,256.4360,565.4025,431.1866,45.6779,606.2614,81.1494,89.4354,80.7345,1046.6865,210.4372,586.6404
204,1772787959.634673,254.1981,566.3516,431.0793,44.8674,607.4012,80.0741,89.4619,79.6537,1049.6409,211.3498,587.5424
205,1772787959.770772,252.2611,566.7141,430.9772,44.0882,608.5151,78.8236,89.4893,78.3738,1047.5878,211.6574,588.3425
206,1772787959.902958,250.2525,566.6786,430.8783,43.3070,609.5547,77.4047,89.5170,76.9246,1048.2151,211.7464,589.2721
207,1772787960.038693,248.2382,567.2239,430.7725,42.5062,610.5625,75.6247,89.5472,75.1296,1049.2457,212.2348,590.2650
208,1772787960.170718,246.4931,567.5156,430.6661,41.6758,611.5834,73.4914,89.5781,72.9569,1047.4967,212.1556,591.0541
209,1772787960.306710,244.2182,567.6156,430.5658,40.8699,612.5017,70.9893,89.6098,70.3673,1046.2143,213.3975,592.1636
210,1772787960.438957,242.7092,567.4027,430.4717,40.0684,613.3512,67.9716,89.6401,67.2916,1046.5007,214.1565,593.0384
211,1772787960.574667,240.9635,566.6713,430.3702,39.2213,614.2510,63.9108,89.6722,63.2552,1047.5782,214.1410,594.4125
212,1772787960.710669,239.3096,565.6148,430.2824,38.3673,615.0377,59.1045,89.7021,58.2624,1046.4410,214.8645,595.6070
213,1772787960.842991,237.2159,564.9407,430.1973,37.5398,615.7703,53.1379,89.7302,52.2392,1048.5060,216.9185,596.5309
214,1772787960.978672,235.2144,563.8335,430.1134,36.6845,616.4697,45.3853,89.7560,44.0473,1044.5811,221.0451,597.9704
215,1772787961.111025,233.1732,563.5371,430.0404,35.8570,617.0959,36.1139,89.7759,34.5779,1046.6147,220.8051,598.6262
216,1772787961.246748,231.4487,562.1714,429.9707,34.9742,617.6989,24.6841,89.7888,22.9015,1044.6473,226.5427,600.0163
217,1772787961.378721,229.4659,560.7394,429.9126,34.1465,618.2127,12.4621,89.7922,10.9965,1044.9585,223.3915,601.1382
218,1772787961.514610,227.8817,559.8564,429.8585,33.2560,618.7097,-0.3360,89.7857,-2.0564,1043.4296,225.7786,602.1598
219,1772787961.650570,226.0539,557.5936,429.8130,32.3856,619.1318,-12.1037,89.7684,-13.5549,1049.1818,225.1530,603.5560
220,1772787961.782669,225.0729,555.6251,429.7760,31.5498,619.4958,-21.8494,89.7444,-22.7621,1048.2741,216.7856,604.9608
221,1772787961.919007,222.6044,553.8264,429.7485,30.6789,619.8010,-29.7791,89.7130,-30.6229,1050.2034,217.8930,606.0970
222,1772787962.050850,221.0218,552.1133,429.7284,29.7882,620.0597,-36.2384,89.6774,-36.6657,1045.7522,210.6331,607.2177
223,1772787962.186648,218.9920,550.2930,429.7181,28.9609,620.2655,-41.1944,89.6373,-41.6287,1049.4220,211.7833,608.2720
224,1772787962.318794,217.8896,547.9402,429.7159,28.0741,620.4145,-45.3378,89.5957,-45.5451,1048.0987,209.2090,609.5051
225,1772787962.454795,216.1035,545.4432,429.7227,27.1710,620.5169,-48.6387,89.5529,-48.7007,1050.4216,207.6008,610.8571
226,1772787962.590880,214.4190,543.7604,429.7384,26.2774,620.5617,-51.3202,89.5071,-51.1934,1051.7562,205.3001,611.7307
227,1772787962.722709,212.6367,541.5491,429.7605,25.4683,620.5549,-53.4833,89.4644,-53.2896,1051.3184,204.3985,612.7594
228,1772787962.859143,212.1431,537.3787,429.7913,24.6125,620.5025,-55.3365,89.4184,-55.0422,1053.6157,203.7120,614.7342
229,1772787962.990775,210.4850,534.2580,429.8272,23.7615,620.3997,-56.8656,89.3734,-56.5015,1051.3889,201.8173,616.0529
230,1772787963.126730,209.5033,531.0171,429.8753,22.9129,620.2517,-58.1949,89.3272,-57.7753,1049.9454,200.9773,617.4580
231,1772787963.395098,207.5375,525.1745,429.9914,21.1844,619.8189,-60.3456,89.2343,-59.8142,1053.2967,199.0664,619.8502
232,1772787963.531954,204.3196,524.8480,430.0587,20.2844,619.5254,-61.2567,89.1868,-60.6546,1053.6647,198.7799,619.7217
233,1772787963.662723,205.9042,518.1802,430.1291,19.4779,619.2114,-61.9710,89.1438,-61.3247,1051.1230,196.1457,622.5016
234,1772787963.798768,204.3665,514.7052,430.2165,18.5267,618.8002,-62.7203,89.0942,-61.9908,1053.6964,195.4209,623.7254
235,1772787963.931503,203.0982,512.4512,430.2974,17.6924,618.3886,-63.2900,89.0485,-62.5452,1055.3785,195.6620,624.5041
236,1772787964.066668,202.2037,508.0971,430.3929,16.7901,617.9151,-63.8221,89.0035,-63.0246,1052.5227,193.8976,626.1092
237,1772787964.198873,201.9565,503.8224,430.4923,15.8844,617.3861,-64.3095,88.9569,-63.4559,1053.4323,192.4192,627.5006
238,1772787964.334815,200.0338,500.4584,430.6010,14.9349,616.7960,-64.7391,88.9102,-63.8450,1054.5788,192.4031,628.6990
239,1772787964.471300,199.6428,496.7020,430.7086,14.0293,616.1779,-65.1340,88.8646,-64.1847,1051.9326,190.2051,629.6491
240,1772787964.602915,199.8113,491.8507,430.8159,13.1221,615.5392,-65.4583,88.8223,-64.4821,1053.8395,189.5193,631.4941
241,1772787964.738978,198.9996,487.9631,430.9389,12.1406,614.7929,-65.7789,88.7762,-64.7440,1051.0877,187.2043,632.2823
242,1772787964.871313,197.5819,484.4465,431.0592,11.2289,614.0605,-66.0465,88.7333,-64.9737,1053.5236,187.4521,633.5152
243,1772787965.006931,198.1988,478.8482,431.1833,10.2538,613.2326,-66.2917,88.6900,-65.1814,1053.7513,185.5507,635.1966
244,1772787965.138901,197.3816,475.3106,431.3031,9.3251,612.4034,-66.5026,88.6502,-65.3533,1053.7537,184.7557,636.2157
245,1772787965.275016,196.0501,470.8047,431.4323,8.2955,611.4683,-66.7048,88.6084,-65.5156,1055.9251,184.1216,637.3483
246,1772787965.410878,196.3112,466.6298,431.5586,7.3290,610.5200,-66.8777,88.5686,-65.6523,1053.1236,182.0978,638.3966
247,1772787965.542949,195.8799,462.1191,431.6786,6.3451,609.5742,-67.0221,88.5326,-65.7708,1057.1376,181.7763,639.6560
248,1772787965.679257,195.6828,457.8877,431.8065,5.3374,608.5390,-67.1586,88.4950,-65.8753,1053.1697,179.7810,640.5908
249,1772787965.811109,195.9806,453.1376,431.9215,4.3557,607.4925,-67.2777,88.4610,-65.9648,1055.5782,179.1843,642.1995
250,1772787965.947450,196.5146,446.9566,432.0414,3.2977,606.3903,-67.3865,88.4268,-66.0491,1055.4417,177.3176,643.8400
251,1772787966.079327,197.0616,441.8461,432.1406,2.3190,605.3217,-67.4812,88.3956,-66.1215,1056.4871,176.3137,645.4235
252,1772787966.214915,196.6147,437.2376,432.2568,1.2251,604.1082,-67.5745,88.3656,-66.1914,1054.3105,174.1782,645.8728
253,1772787966.350876,196.4788,433.3876,432.3541,0.1623,602.9147,-67.6620,88.3370,-66.2594,1053.4389,172.9687,646.6289
254,1772787966.482941,196.9244,428.1114,432.4463,-0.9291,601.6795,-67.7450,88.3111,-66.3264,1055.4140,171.6891,647.8088
255,1772787966.618792,197.3001,422.3621,432.5275,-2.0059,600.4138,-67.8306,88.2857,-66.3974,1055.3870,170.5126,649.4634
256,1772787966.750868,197.5087,418.0215,432.6001,-3.1446,599.1059,-67.9134,88.2636,-66.4683,1052.8120,168.2513,649.7143
257,1772787966.886965,198.0413,413.1946,432.6637,-4.3190,597.8045,-67.9939,88.2437,-66.5407,1056.6097,167.9370,651.2651
258,1772787967.019334,198.8949,408.3499,432.7147,-5.4839,596.4616,-68.0741,88.2261,-66.6155,1052.1454,165.5270,652.0564
259,1772787967.155033,198.7148,403.0975,432.7522,-6.6314,595.0494,-68.1549,88.2117,-66.6910,1057.4471,165.3804,653.3338
260,1772787967.290979,199.6071,397.3632,432.7794,-7.8526,593.6294,-68.2331,88.1999,-66.7698,1055.1352,163.0127,654.1674
261,1772787967.423316,201.5426,392.0441,432.7912,-9.0302,592.2213,-68.3080,88.1922,-66.8474,1055.7637,161.3438,655.5268
262,1772787967.559419,201.4047,387.5193,432.7896,-10.2711,590.7248,-68.3845,88.1874,-66.9281,1056.6431,160.6750,656.5542
263,1772787967.691083,202.6298,382.3062,432.7737,-11.4744,589.2569,-68.4535,88.1867,-67.0078,1057.0159,158.8219,657.1700
264,1772787967.826945,203.4044,376.9258,432.7393,-12.7558,587.7183,-68.5252,88.1898,-67.0910,1053.5394,156.7368,658.0797
265,1772787967.959080,204.2860,372.5958,432.6935,-13.9198,586.2483,-68.5891,88.1970,-67.1700,1057.8126,156.1831,658.8284
266,1772787968.095470,205.3430,367.9858,432.6284,-15.1554,584.6871,-68.6503,88.2081,-67.2507,1055.3804,154.2164,659.3962
267,1772787968.231010,207.5807,362.2440,432.5514,-16.3325,583.2254,-68.7069,88.2228,-67.3273,1054.0036,151.7646,660.1587
268,1772787968.362934,208.8392,357.4255,432.4699,-17.4079,581.8618,-68.7537,88.2406,-67.3969,1054.4433,150.5301,661.2091
269,1772787968.499060,210.2755,352.6280,432.3661,-18.5276,580.4187,-68.7875,88.2625,-67.4564,1059.7289,150.4732,662.9261
270,1772787968.631174,212.0019,348.8665,432.2649,-19.5279,579.1596,-68.8017,88.2863,-67.4969,1056.8223,148.3618,663.2244
271,1772787968.767061,214.5769,344.4239,432.1391,-20.6632,577.7268,-68.7912,88.3152,-67.5145,1056.2641,146.0632,663.5841
272,1772787968.899224,216.4317,340.0286,432.0147,-21.6668,576.4631,-68.7511,88.3450,-67.5050,1058.4002,145.2288,664.9838
273,1772787969.035076,219.0805,336.4714,431.8863,-22.6354,575.2253,-68.6760,88.3794,-67.4631,1056.2667,142.6602,664.7737
274,1772787969.171069,221.0415,332.5134,431.7523,-23.6109,574.0664,-68.5621,88.4172,-67.3819,1056.5807,141.3034,665.7929
275,1772787969.303093,223.5007,328.6750,431.6166,-24.5545,572.9543,-68.4070,88.4562,-67.2598,1053.2972,138.6805,665.8284
276,1772787969.439153,226.0973,325.0765,431.4745,-25.4697,571.8562,-68.1996,88.4988,-67.0899,1058.2916,138.1861,667.4155
277,1772787969.571522,228.5923,321.0533,431.3303,-26.3873,570.8006,-67.9405,88.5439,-66.8611,1055.9455,135.7727,667.6765
278,1772787969.707032,230.8065,318.6657,431.1858,-27.2913,569.7824,-67.6083,88.5912,-66.5736,1055.8699,134.3001,668.0346
279,1772787969.839116,233.4206,316.1026,431.0455,-28.1416,568.8875,-67.2180,88.6395,-66.2224,1056.7674,132.8356,668.3489
280,1772787969.974988,236.7336,313.5693,430.9079,-28.9750,568.0363,-66.7458,88.6906,-65.7814,1056.3435,130.5035,668.8123
281,1772787970.111136,239.5941,311.1221,430.7666,-29.8297,567.1943,-66.1746,88.7448,-65.2448,1059.1979,129.4115,669.5127
282,1772787970.243194,242.7617,308.4304,430.6358,-30.6407,566.4446,-65.5204,88.7978,-64.6332,1055.8527,127.0146,669.7399
283,1772787970.379253,244.8442,306.8600,430.5043,-31.4360,565.7448,-64.7276,88.8542,-63.8760,1056.7898,125.4748,669.8859
284,1772787970.511053,248.5858,304.6004,430.3830,-32.2152,565.1142,-63.8204,88.9093,-63.0165,1055.6436,123.0667,670.3217
285,1772787970.647168,251.3317,303.4623,430.2658,-32.9613,564.5516,-62.7777,88.9678,-61.9554,1059.1794,121.6094,670.8132
286,1772787970.779407,254.6276,301.6024,430.1544,-33.7021,564.0420,-61.5597,89.0223,-60.7803,1058.1023,119.7295,671.1645
287,1772787970.915140,258.4236,300.3633,430.0477,-34.4649,563.5824,-60.1064,89.0791,-59.3674,1056.0617,117.0542,671.0911
288,1772787971.051218,261.5869,299.3641,429.9537,-35.1702,563.1878,-58.3838,89.1383,-57.6451,1057.1435,115.0829,671.3560
289,1772787971.183245,264.9062,298.7500,429.8670,-35.8678,562.8585,-56.4608,89.1935,-55.7543,1057.2763,113.0068,671.4533
290,1772787971.319230,268.5739,297.1064,429.7874,-36.5643,562.5855,-54.0732,89.2495,-53.4457,1057.0306,111.2037,672.0003
291,1772787971.587244,274.8465,296.6688,429.6567,-37.9154,562.2328,-48.2422,89.3536,-47.5199,1058.6949,105.9609,672.2697
292,1772787971.719048,274.5139,296.6048,429.6059,-38.5352,562.1482,-44.6747,89.4005,-43.9611,1058.9503,106.6309,672.3916
293,1772787971.855204,281.7504,296.5981,429.5614,-39.2096,562.1184,-40.2821,89.4464,-39.6371,1061.7922,102.6157,672.8749
294,1772787971.991951,285.4077,296.4267,429.5291,-39.8186,562.1478,-35.4010,89.4863,-34.6576,1057.9640,99.3159,672.3709
295,1772787972.123107,287.5699,297.3661,429.5063,-40.3844,562.2225,-30.1356,89.5181,-29.4534,1059.6314,97.8266,672.3271
296,1772787972.259226,292.0630,297.8421,429.4894,-41.0211,562.3649,-23.4426,89.5490,-22.7378,1055.6244,93.6427,671.6561
297,1772787972.391503,295.5022,299.0601,429.4823,-41.6027,562.5533,-16.5579,89.5701,-15.7534,1061.3870,90.0587,672.1446
298,1772787972.527216,298.6532,300.3529,429.4830,-42.1929,562.7945,-9.2206,89.5841,-8.4738,1059.3612,89.7643,671.6135
299,1772787972.659124,302.8509,302.2282,429.4907,-42.7192,563.0720,-1.9066,89.5902,-0.8653,1059.1867,82.3349,670.7843
300,1772787972.795474,305.8154,302.5704,429.5074,-43.3124,563.4147,5.9898,89.5892,6.6191,1057.4653,83.2879,670.7341
301,1772787972.927610,309.5023,303.6702,429.5309,-43.8646,563.8069,13.2270,89.5808,13.7782,1054.7442,84.1723,670.4313
302,1772787973.063214,312.5406,304.7868,429.5622,-44.4619,564.2748,20.2300,89.5657,20.5925,1058.7380,84.2083,671.0245
303,1772787973.199241,315.0195,306.5783,429.6006,-45.0236,564.7714,26.4445,89.5451,26.6967,1055.8518,83.5703,670.3914
304,1772787973.331165,319.4252,308.4756,429.6456,-45.5917,565.3273,31.8113,89.5211,31.8620,1061.4919,81.5568,670.8631
305,1772787973.467214,322.4848,310.3446,429.6967,-46.1563,565.9356,36.5632,89.4931,36.5133,1058.7248,82.4239,670.3932
306,1772787973.599227,326.1391,313.1686,429.7526,-46.7192,566.6046,40.5188,89.4641,40.4089,1055.5058,80.6899,669.1039
307,1772787973.735278,328.9382,315.2928,429.8175,-47.3107,567.3264,44.0249,89.4327,43.7559,1056.5779,80.3274,669.1585
308,1772787973.871297,332.2402,318.3937,429.8830,-47.8463,568.0957,46.9578,89.4017,46.6815,1054.5575,76.9783,667.9241
309,1772787974.003353,335.3754,320.8656,429.9566,-48.4286,568.9123,49.5279,89.3689,49.1132,1058.0404,77.8214,668.4201
310,1772787974.139495,338.2226,324.1095,430.0322,-48.9956,569.7921,51.7122,89.3377,51.1811,1057.5014,77.4557,667.4728
311,1772787974.271210,341.9397,327.1979,430.1103,-49.5632,570.6976,53.5956,89.3074,52.9546,1057.9771,76.1098,667.2153
312,1772787974.407536,344.6821,330.2637,430.1902,-50.1251,571.6655,55.1347,89.2786,54.4857,1058.8254,74.6283,666.6371
313,1772787974.539325,347.3647,333.3697,430.2765,-50.7253,572.7134,56.5841,89.2501,55.7705,1057.1032,73.6814,665.7805
314,1772787974.675390,350.1718,336.5071,430.3559,-51.2909,573.7584,57.7227,89.2224,56.9156,1058.7646,72.3678,665.8147
315,1772787974.807290,353.0561,339.9097,430.4435,-51.8872,574.9100,58.7400,89.1982,57.8633,1053.8377,70.4975,664.4491
316,1772787974.943694,355.7484,343.4222,430.5306,-52.4984,576.1108,59.6201,89.1747,58.6808,1060.9593,70.5087,665.1750
317,1772787975.079705,358.9098,348.0618,430.6102,-53.0792,577.3270,60.3453,89.1540,59.3765,1056.9604,68.2795,663.4026
318,1772787975.211343,361.4839,352.4220,430.6950,-53.7038,578.6051,60.9765,89.1342,59.9433,1056.6257,66.8183,662.8277
319,1772787975.347396,364.3784,356.6942,430.7709,-54.3145,579.8949,61.4954,89.1181,60.4372,1057.8118,65.4236,661.8751
320,1772787975.479774,366.9979,360.8953,430.8431,-54.9039,581.2386,61.9214,89.1035,60.8259,1055.9628,63.3427,660.6605
321,1772787975.615410,369.2792,365.4607,430.9135,-55.5605,582.7096,62.2992,89.0910,61.1653,1058.6478,62.9565,660.6874
322,1772787975.747321,372.0346,370.1916,430.9727,-56.1638,584.0876,62.5837,89.0812,61.4187,1055.5738,60.8979,659.2491
323,1772787975.883321,374.0216,375.1646,431.0316,-56.8460,585.5874,62.8108,89.0737,61.6225,1059.0609,60.3362,658.3949
324,1772787976.019284,376.4785,379.7572,431.0769,-57.4710,587.0809,62.9849,89.0686,61.7835,1053.5266,57.7039,657.2796
325,1772787976.151683,377.8414,384.5869,431.1154,-58.1537,588.5989,63.1157,89.0660,61.8948,1056.7490,57.3062,656.6266
326,1772787976.287411,379.9913,389.3822,431.1469,-58.8465,590.2033,63.2137,89.0657,61.9790,1053.8953,55.1864,655.8396
327,1772787976.419579,381.8215,394.8171,431.1652,-59.5381,591.8233,63.2808,89.0679,62.0347,1056.7437,54.4397,654.8533
328,1772787976.555380,383.3909,400.6604,431.1724,-60.2940,593.5288,63.3292,89.0729,62.0788,1055.6804,53.0859,653.1076
329,1772787976.687440,385.3242,405.6284,431.1683,-60.9708,595.1113,63.3554,89.0800,62.1026,1057.9072,51.7985,652.9883
330,1772787976.823820,386.2261,410.7225,431.1543,-61.7603,596.8548,63.3551,89.0904,62.1016,1055.5403,50.4497,651.5936
331,1772787976.959295,388.1816,416.6055,431.1370,-62.5288,598.5842,63.3156,89.1033,62.0631,1055.1900,48.7060,650.5577
332,1772787977.091275,388.7094,422.1158,431.1207,-63.3056,600.3084,63.2292,89.1191,61.9772,1055.3929,47.9362,649.2720
333,1772787977.227673,389.7903,427.8455,431.1092,-64.1393,602.2302,63.0622,89.1398,61.8230,1056.9752,46.6932,648.7672
334,1772787977.359213,389.7755,432.6381,431.1092,-64.9353,603.9845,62.8188,89.1622,61.5966,1055.1808,45.7831,647.6211
335,1772787977.495552,391.3688,439.2807,431.1243,-65.7774,605.8465,62.4733,89.1887,61.2580,1055.5969,44.0074,646.5831
336,1772787977.627033,391.3737,445.1993,431.1549,-66.5197,607.5086,62.0413,89.2161,60.8129,1055.2788,43.6013,645.1053
337,1772787977.763056,392.4069,450.9810,431.2176,-67.3467,609.3687,61.4198,89.2473,60.2292,1055.3551,42.2902,643.7184
338,1772787977.898948,391.6234,455.6891,431.3024,-68.1512,611.2065,60.6275,89.2808,59.4391,1056.4407,41.8875,643.4867
339,1772787978.031227,391.9877,461.6702,431.4008,-68.8803,612.8765,59.6570,89.3158,58.4825,1055.9842,41.0393,641.9687
340,1772787978.166908,392.5466,467.9072,431.5581,-69.7057,614.7462,58.3515,89.3539,57.2038,1055.7739,39.3624,640.9263
341,1772787978.298614,391.8331,473.7894,431.7185,-70.4488,616.4711,56.8051,89.3925,55.6086,1054.3479,39.3955,639.5420
342,1772787978.434837,391.7711,479.5090,431.9501,-71.2168,618.2743,54.7094,89.4333,53.5631,1053.4472,38.2066,638.0166
343,1772787978.566812,391.2487,485.5284,432.2008,-71.9761,620.0804,52.1725,89.4732,50.9971,1052.9501,38.6402,637.0942
344,1772787978.702518,389.9162,491.3814,432.4987,-72.7138,621.9072,48.9287,89.5153,47.6752,1051.9911,40.2439,635.6922
345,1772787978.838587,389.7120,497.8094,432.8576,-73.4859,623.7530,44.5914,89.5563,43.3404,1053.1195,37.9793,634.7099
346,1772787978.970503,388.8584,503.8823,433.2319,-74.2055,625.5484,39.5771,89.5922,38.2062,1053.1941,40.3835,633.2516
347,1772787979.106406,387.8376,509.7509,433.6780,-74.9571,627.4362,32.7753,89.6275,31.1120,1052.3952,41.7799,632.4969
348,1772787979.238687,386.5910,516.3552,434.1425,-75.6268,629.2325,24.7352,89.6538,22.9117,1048.6604,42.7080,630.7300
349,1772787979.374421,385.3801,522.9675,434.6983,-76.3592,631.1461,14.8578,89.6725,12.9471,1053.0146,45.0693,629.8805
350,1772787979.506269,384.2497,529.6952,435.2832,-77.0481,633.0095,4.0387,89.6784,2.0622,1052.2642,45.3017,628.1704
351,1772787979.642320,382.3405,535.5029,435.9348,-77.7404,634.9485,-7.4535,89.6708,-9.3644,1047.8865,43.1672,627.5494
352,1772787979.778164,380.5216,542.0251,436.6137,-78.3995,636.8227,-17.8338,89.6501,-19.5047,1051.1981,38.4968,626.0738
353,1772787979.910557,379.0146,548.4978,437.3632,-79.0308,638.7303,-27.0177,89.6182,-28.0758,1050.5133,34.7206,625.2828
354,1772787980.046102,377.0876,555.4443,438.1464,-79.6710,640.5944,-34.4909,89.5766,-35.4657,1052.2394,32.8131,623.5736
355,1772787980.177848,375.0547,562.2020,438.9809,-80.2805,642.5799,-40.7334,89.5263,-41.2376,1053.2385,29.5797,622.8383
356,1772787980.313830,373.4779,568.9656,439.8938,-80.8876,644.5156,-45.5585,89.4702,-45.8991,1052.8659,27.6456,621.3141
357,1772787980.445803,371.3571,576.8549,440.8470,-81.4710,646.4434,-49.4820,89.4107,-49.5567,1051.2493,24.7699,620.0592
358,1772787980.581774,368.8765,583.9557,441.8477,-82.0313,648.3881,-52.4607,89.3493,-52.3607,1053.5623,24.1892,618.4412
359,1772787980.717814,366.8345,590.7630,442.8071,-82.5422,650.2600,-54.8016,89.2853,-54.6738,1053.3067,25.8728,616.8665
360,1772787980.849637,364.9832,597.4296,443.9653,-83.0793,652.2711,-56.7882,89.2190,-56.3962,1051.6357,20.6864,616.6007
361,1772787980.985704,362.9031,604.9173,445.0945,-83.5872,654.2624,-58.3939,89.1523,-57.8830,1051.9342,19.8727,614.9470
362,1772787981.117740,360.2836,612.4435,446.2058,-84.0351,656.1097,-59.6083,89.0883,-58.9931,1049.7629,20.2747,613.1850
363,1772787981.253968,358.1144,619.8510,447.4399,-84.4801,658.1138,-60.6934,89.0190,-59.9148,1054.2836,18.2175,612.5078
364,1772787981.385505,355.7710,627.1730,448.7042,-84.9123,659.9815,-61.5228,88.9533,-60.6596,1051.2748,17.6882,611.0444
365,1772787981.521379,352.9905,634.6110,450.0336,-85.3388,662.0620,-62.2569,88.8806,-61.2679,1050.1736,16.1477,610.5202
366,1772787981.657339,350.5136,642.8936,451.3521,-85.7199,663.9969,-62.8585,88.8115,-61.7407,1051.9351,15.7325,608.5818
367,1772787981.795946,347.6514,650.1611,452.9212,-86.1193,666.1680,-63.3468,88.7413,-62.1298,1053.2543,15.0942,608.1389
368,1772787981.928076,344.9451,657.6068,454.3702,-86.4685,668.2125,-63.7408,88.6720,-62.4134,1051.6187,14.4661,606.9955
369,1772787982.058794,342.3336,665.9323,455.7642,-86.7619,670.0896,-64.0458,88.6068,-62.6173,1047.1631,13.4809,605.4876
370,1772787982.325116,336.9430,682.6921,459.0758,-87.3743,674.3622,-64.5262,88.4695,-62.8904,1048.3896,12.4836,603.0106
371,1772787982.461050,333.1908,688.3811,460.6583,-87.6231,676.4453,-64.6982,88.4011,-62.9616,1049.4923,12.3055,603.3569
372,1772787982.597554,331.2863,698.6387,462.4375,-87.8609,678.6172,-64.8345,88.3328,-62.9969,1051.7264,11.4559,601.7583
373,1772787982.729843,328.7247,708.3593,464.1640,-88.0634,680.7023,-64.9365,88.2677,-63.0030,1051.9468,11.2098,599.6384
374,1772787982.865609,325.6108,716.1306,465.9413,-88.2456,682.8552,-65.0140,88.2034,-62.9849,1051.6543,11.2232,598.3705
375,1772787982.997345,322.6908,724.7607,467.6737,-88.3974,684.9429,-65.0711,88.1400,-62.9486,1047.6616,10.0090,598.1051
376,1772787983.132846,319.4920,732.9954,469.5012,-88.5249,687.0303,-65.1109,88.0777,-62.8950,1047.2161,10.0116,596.8010
377,1772787983.266600,316.4095,741.1334,471.3883,-88.6358,689.2786,-65.1365,88.0170,-62.8303,1049.0965,10.4365,595.2592
378,1772787983.400978,313.6442,750.6258,473.3691,-88.7185,691.4742,-65.1508,87.9571,-62.7541,1050.8061,9.8855,594.7492
379,1772787983.537652,310.3770,758.8846,475.3223,-88.7772,693.7081,-65.1561,87.8987,-62.6703,1047.3024,9.6340,593.7128
380,1772787983.669117,307.0278,767.3431,477.2877,-88.8116,695.8844,-65.1542,87.8432,-62.5830,1047.7575,9.5047,593.3723
381,1772787983.804652,303.9890,775.9348,479.2809,-88.8237,698.0940,-65.1466,87.7890,-62.4890,1048.4517,9.7137,591.8740
382,1772787983.936749,301.3673,785.9231,481.2643,-88.8151,700.3419,-65.1346,87.7358,-62.3945,1047.6863,9.0655,591.2612
383,1772787984.073261,297.9155,795.0507,483.2209,-88.7861,702.6014,-65.1198,87.6855,-62.2958,1046.5418,9.3228,589.8697
384,1772787984.204372,294.6282,803.1052,484.6868,-88.7553,704.1797,-65.1080,87.6497,-62.2282,1048.1892,9.8267,588.7385
